CHROM	POS	REF	ALT	ANN[*].GENE	EFF[*].FEATUREID	EFF[*].EFFECT	EFF[*].IMPACT	EFF[*].AA	ANN[*].BIOTYPE
NC_045512.2	99	TC	T	.	.	INTERGENIC	MODIFIER	.	.
NC_045512.2	210	G	T	.	.	INTERGENIC	MODIFIER	.	.
NC_045512.2	241	C	T	.	.	INTERGENIC	MODIFIER	.	.
NC_045512.2	434	GAA	GA	ORF1ab	.	FRAME_SHIFT	HIGH	K58	protein_coding
NC_045512.2	575	CTT	C	ORF1ab	.	FRAME_SHIFT	HIGH	L104	protein_coding
NC_045512.2	626	GTTC	G	ORF1ab	.	CODON_CHANGE_PLUS_CODON_DELETION	MODERATE	LR123R	protein_coding
NC_045512.2	911	TC	T	ORF1ab	.	FRAME_SHIFT	HIGH	S216	protein_coding
NC_045512.2	941	AGGG	AG	ORF1ab	.	FRAME_SHIFT	HIGH	G227	protein_coding
NC_045512.2	1001	GA	GAA	ORF1ab	.	FRAME_SHIFT	HIGH	K247K?	protein_coding
NC_045512.2	1075	TC	T	ORF1ab	.	FRAME_SHIFT	HIGH	P271	protein_coding
NC_045512.2	1135	GAA	GA	ORF1ab	.	FRAME_SHIFT	HIGH	K292	protein_coding
NC_045512.2	1142	CTT	C	ORF1ab	.	FRAME_SHIFT	HIGH	L293	protein_coding
NC_045512.2	1392	CAG	C	ORF1ab	.	FRAME_SHIFT	HIGH	E377	protein_coding
NC_045512.2	1628	CAA	CA	ORF1ab	.	FRAME_SHIFT	HIGH	K456	protein_coding
NC_045512.2	1701	CT	C	ORF1ab	.	FRAME_SHIFT	HIGH	S481	protein_coding
NC_045512.2	1746	TG	T	ORF1ab	.	FRAME_SHIFT	HIGH	D495	protein_coding
NC_045512.2	1800	CA	C	ORF1ab	.	FRAME_SHIFT	HIGH	K513	protein_coding
NC_045512.2	1813	TAAA	TAA	ORF1ab	.	FRAME_SHIFT	HIGH	K518	protein_coding
NC_045512.2	1910	TC	T	ORF1ab	.	FRAME_SHIFT	HIGH	R550	protein_coding
NC_045512.2	2086	G	T	ORF1ab	.	NON_SYNONYMOUS_CODING	MODERATE	Q607H	protein_coding
NC_045512.2	2160	AAGAG	AAG	ORF1ab	.	FRAME_SHIFT	HIGH	EK633	protein_coding
NC_045512.2	2301	TTAA	T	ORF1ab	.	CODON_CHANGE_PLUS_CODON_DELETION	MODERATE	FK679L	protein_coding
NC_045512.2	2317	AT	A	ORF1ab	.	FRAME_SHIFT	HIGH	L686	protein_coding
NC_045512.2	2339	TC	T	ORF1ab	.	FRAME_SHIFT	HIGH	S692	protein_coding
NC_045512.2	2470	C	T	ORF1ab	.	SYNONYMOUS_CODING	LOW	A735	protein_coding
NC_045512.2	2493	AG	A	ORF1ab	.	FRAME_SHIFT	HIGH	G744	protein_coding
NC_045512.2	2506	TCC	TC	ORF1ab	.	FRAME_SHIFT	HIGH	P748	protein_coding
NC_045512.2	2827	TGA	T	ORF1ab	.	FRAME_SHIFT	HIGH	EK855	protein_coding
NC_045512.2	2832	A	G	ORF1ab	.	NON_SYNONYMOUS_CODING	MODERATE	K856R	protein_coding
NC_045512.2	3037	C	T	ORF1ab	.	SYNONYMOUS_CODING	LOW	F924	protein_coding
NC_045512.2	3043	TC	T	ORF1ab	.	FRAME_SHIFT	HIGH	P927	protein_coding
NC_045512.2	3055	TGAA	T	ORF1ab	.	CODON_CHANGE_PLUS_CODON_DELETION	MODERATE	EG933G	protein_coding
NC_045512.2	3073	TGAA	T	ORF1ab	.	CODON_CHANGE_PLUS_CODON_DELETION	MODERATE	EE939E	protein_coding
NC_045512.2	3096	C	T	ORF1ab	.	NON_SYNONYMOUS_CODING	MODERATE	S944L	protein_coding
NC_045512.2	3360	TAA	TA	ORF1ab	.	FRAME_SHIFT	HIGH	K1033	protein_coding
NC_045512.2	3411	CTAA	C	ORF1ab	.	CODON_CHANGE_PLUS_CODON_DELETION	MODERATE	AK1049A	protein_coding
NC_045512.2	3412	TAA	TA	ORF1ab	.	FRAME_SHIFT	HIGH	K1051	protein_coding
NC_045512.2	3654	TTC	T	ORF1ab	.	FRAME_SHIFT	HIGH	L1131	protein_coding
NC_045512.2	3704	C	T	ORF1ab	.	NON_SYNONYMOUS_CODING	MODERATE	P1147S	protein_coding
NC_045512.2	3722	AT	A	ORF1ab	.	FRAME_SHIFT	HIGH	F1154	protein_coding
NC_045512.2	3757	TTG	T	ORF1ab	.	FRAME_SHIFT	HIGH	V1166	protein_coding
NC_045512.2	3832	CT	C	ORF1ab	.	FRAME_SHIFT	HIGH	L1191	protein_coding
NC_045512.2	3836	TTG	T	ORF1ab	.	FRAME_SHIFT	HIGH	L1191	protein_coding
NC_045512.2	3837	TG	T	ORF1ab	.	FRAME_SHIFT	HIGH	E1192	protein_coding
NC_045512.2	3866	CA	C	ORF1ab	.	FRAME_SHIFT	HIGH	K1202	protein_coding
NC_045512.2	4085	A	G	ORF1ab	.	NON_SYNONYMOUS_CODING	MODERATE	I1274V	protein_coding
NC_045512.2	4181	G	T	ORF1ab	.	NON_SYNONYMOUS_CODING	MODERATE	A1306S	protein_coding
NC_045512.2	4215	TGA	T	ORF1ab	.	FRAME_SHIFT	HIGH	R1318	protein_coding
NC_045512.2	4369	TGG	TG	ORF1ab	.	FRAME_SHIFT	HIGH	G1369	protein_coding
NC_045512.2	4382	TG	T	ORF1ab	.	FRAME_SHIFT	HIGH	W1373	protein_coding
NC_045512.2	4534	CTT	C	ORF1ab	.	FRAME_SHIFT	HIGH	FY1424	protein_coding
NC_045512.2	4850	AAG	A	ORF1ab	.	FRAME_SHIFT	HIGH	RG1530	protein_coding
NC_045512.2	4890	CCA	C	ORF1ab	.	FRAME_SHIFT	HIGH	T1543	protein_coding
NC_045512.2	4939	ACTT	A	ORF1ab	.	CODON_DELETION	MODERATE	L1560	protein_coding
NC_045512.2	5224	TAA	TA	ORF1ab	.	FRAME_SHIFT	HIGH	K1655	protein_coding
NC_045512.2	5302	ATTG	A	ORF1ab	.	CODON_CHANGE_PLUS_CODON_DELETION	MODERATE	LL1680L	protein_coding
NC_045512.2	5386	T	G	ORF1ab	.	SYNONYMOUS_CODING	LOW	A1707	protein_coding
NC_045512.2	5516	G	T	ORF1ab	.	NON_SYNONYMOUS_CODING	MODERATE	V1751L	protein_coding
NC_045512.2	5628	CGT	C	ORF1ab	.	FRAME_SHIFT	HIGH	CG1789	protein_coding
NC_045512.2	5673	CTT	C	ORF1ab	.	FRAME_SHIFT	HIGH	F1804	protein_coding
NC_045512.2	6139	AT	A	ORF1ab	.	FRAME_SHIFT	HIGH	F1960	protein_coding
NC_045512.2	6402	C	T	ORF1ab	.	NON_SYNONYMOUS_CODING	MODERATE	P2046L	protein_coding
NC_045512.2	6459	ATG	A	ORF1ab	.	FRAME_SHIFT	HIGH	V2066	protein_coding
NC_045512.2	6512	AGTT	A	ORF1ab	.	CODON_CHANGE_PLUS_CODON_DELETION	MODERATE	SL2083I	protein_coding
NC_045512.2	6835	TAA	T	ORF1ab	.	FRAME_SHIFT	HIGH	K2191	protein_coding
NC_045512.2	7063	CAGA	CA	ORF1ab	.	FRAME_SHIFT	HIGH	E2268	protein_coding
NC_045512.2	7124	C	T	ORF1ab	.	NON_SYNONYMOUS_CODING	MODERATE	P2287S	protein_coding
NC_045512.2	7246	GTT	G	ORF1ab	.	FRAME_SHIFT	HIGH	L2329	protein_coding
NC_045512.2	7246	GTT	GT	ORF1ab	.	FRAME_SHIFT	HIGH	L2329	protein_coding
NC_045512.2	7504	CA	C	ORF1ab	.	FRAME_SHIFT	HIGH	K2414	protein_coding
NC_045512.2	7564	CT	C	ORF1ab	.	FRAME_SHIFT	HIGH	Y2435	protein_coding
NC_045512.2	7813	TTCTC	TTC	ORF1ab	.	FRAME_SHIFT	HIGH	SH2519	protein_coding
NC_045512.2	8350	TGC	T	ORF1ab	.	FRAME_SHIFT	HIGH	R2697	protein_coding
NC_045512.2	8376	CAAAA	CAAA	ORF1ab	.	FRAME_SHIFT	HIGH	S2706	protein_coding
NC_045512.2	8393	G	A	ORF1ab	.	NON_SYNONYMOUS_CODING	MODERATE	A2710T	protein_coding
NC_045512.2	8464	TA	T	ORF1ab	.	FRAME_SHIFT	HIGH	K2735	protein_coding
NC_045512.2	8481	CTT	CT	ORF1ab	.	FRAME_SHIFT	HIGH	F2740	protein_coding
NC_045512.2	8516	G	T	ORF1ab	.	NON_SYNONYMOUS_CODING	MODERATE	V2751F	protein_coding
NC_045512.2	8606	CTTT	CT	ORF1ab	.	FRAME_SHIFT	HIGH	F2782	protein_coding
NC_045512.2	8742	GT	G	ORF1ab	.	FRAME_SHIFT	HIGH	F2827	protein_coding
NC_045512.2	8768	GAC	G	ORF1ab	.	FRAME_SHIFT	HIGH	T2836	protein_coding
NC_045512.2	8905	CTT	CT	ORF1ab	.	FRAME_SHIFT	HIGH	L2882	protein_coding
NC_045512.2	8986	C	T	ORF1ab	.	SYNONYMOUS_CODING	LOW	D2907	protein_coding
NC_045512.2	9026	AT	A	ORF1ab	.	FRAME_SHIFT	HIGH	F2922	protein_coding
NC_045512.2	9053	G	T	ORF1ab	.	NON_SYNONYMOUS_CODING	MODERATE	V2930L	protein_coding
NC_045512.2	9116	GAC	G	ORF1ab	.	FRAME_SHIFT	HIGH	TR2952	protein_coding
NC_045512.2	9623	GTTTCT	GT	ORF1ab	.	FRAME_SHIFT	HIGH	SF3121	protein_coding
NC_045512.2	9627	CTTT	CT	ORF1ab	.	FRAME_SHIFT	HIGH	L3123	protein_coding
NC_045512.2	9675	CT	C	ORF1ab	.	FRAME_SHIFT	HIGH	F3138	protein_coding
NC_045512.2	9706	T	C	ORF1ab	.	SYNONYMOUS_CODING	LOW	C3147	protein_coding
NC_045512.2	9811	CTTT	CTT	ORF1ab	.	FRAME_SHIFT	HIGH	L3184	protein_coding
NC_045512.2	10029	C	T	ORF1ab	.	NON_SYNONYMOUS_CODING	MODERATE	T3255I	protein_coding
NC_045512.2	10038	C	A	ORF1ab	.	NON_SYNONYMOUS_CODING	MODERATE	T3258N	protein_coding
NC_045512.2	10194	A	C	ORF1ab	.	NON_SYNONYMOUS_CODING	MODERATE	E3310A	protein_coding
NC_045512.2	10201	GCT	G	ORF1ab	.	FRAME_SHIFT	HIGH	L3313	protein_coding
NC_045512.2	10206	ACC	AC	ORF1ab	.	FRAME_SHIFT	HIGH	P3315	protein_coding
NC_045512.2	10319	CTT	C	ORF1ab	.	FRAME_SHIFT	HIGH	L3352	protein_coding
NC_045512.2	10449	C	A	ORF1ab	.	NON_SYNONYMOUS_CODING	MODERATE	P3395H	protein_coding
NC_045512.2	10527	CTTT	CT	ORF1ab	.	FRAME_SHIFT	HIGH	FC3422	protein_coding
NC_045512.2	10871	CA	C	ORF1ab	.	FRAME_SHIFT	HIGH	N3537	protein_coding
NC_045512.2	11074	CTTTT	CTT	ORF1ab	.	FRAME_SHIFT	HIGH	L3606	protein_coding
NC_045512.2	11079	TTTTG	T	ORF1ab	.	FRAME_SHIFT	HIGH	LY3606	protein_coding
NC_045512.2	11095	CTT	CT	ORF1ab	.	FRAME_SHIFT	HIGH	L3612	protein_coding
NC_045512.2	11179	GTT	G	ORF1ab	.	FRAME_SHIFT	HIGH	L3640	protein_coding
NC_045512.2	11201	A	G	ORF1ab	.	NON_SYNONYMOUS_CODING	MODERATE	T3646A	protein_coding
NC_045512.2	11282	AGTTTGTCTG	A	ORF1ab	.	CODON_CHANGE_PLUS_CODON_DELETION	MODERATE	LSGF3674F	protein_coding
NC_045512.2	11291	G	A	ORF1ab	.	NON_SYNONYMOUS_CODING	MODERATE	G3676S	protein_coding
NC_045512.2	11332	A	G	ORF1ab	.	SYNONYMOUS_CODING	LOW	V3689	protein_coding
NC_045512.2	11537	A	G	ORF1ab	.	NON_SYNONYMOUS_CODING	MODERATE	I3758V	protein_coding
NC_045512.2	11653	CT	C	ORF1ab	.	FRAME_SHIFT	HIGH	C3798	protein_coding
NC_045512.2	11742	AG	A	ORF1ab	.	FRAME_SHIFT	HIGH	G3827	protein_coding
NC_045512.2	11751	TCC	TC	ORF1ab	.	FRAME_SHIFT	HIGH	P3830	protein_coding
NC_045512.2	11990	GA	G	ORF1ab	.	FRAME_SHIFT	HIGH	M3911	protein_coding
NC_045512.2	12113	TC	T	ORF1ab	.	FRAME_SHIFT	HIGH	L3951	protein_coding
NC_045512.2	12196	TAA	TA	ORF1ab	.	FRAME_SHIFT	HIGH	K3979	protein_coding
NC_045512.2	12617	AAT	A	ORF1ab	.	FRAME_SHIFT	HIGH	N4118	protein_coding
NC_045512.2	12792	AG	A	ORF1ab	.	FRAME_SHIFT	HIGH	G4177	protein_coding
NC_045512.2	13123	TG	T	ORF1ab	.	FRAME_SHIFT	HIGH	G4288	protein_coding
NC_045512.2	13161	GTA	G	ORF1ab	.	FRAME_SHIFT	HIGH	CT4299	protein_coding
NC_045512.2	13162	T	C	ORF1ab	.	SYNONYMOUS_CODING	LOW	C4299	protein_coding
NC_045512.2	13195	T	C	ORF1ab	.	SYNONYMOUS_CODING	LOW	V4310	protein_coding
NC_045512.2	13357	ACT	A	ORF1ab	.	FRAME_SHIFT	HIGH	L4365	protein_coding
NC_045512.2	13459	GTT	G	ORF1ab	.	FRAME_SHIFT	HIGH	L4400	protein_coding
NC_045512.2	13489	GC	G	ORF1ab	.	FRAME_SHIFT	HIGH	R4410	protein_coding
NC_045512.2	13586	TAA	TA	ORF1ab	.	FRAME_SHIFT	HIGH	T4443	protein_coding
NC_045512.2	13669	TTC	T	ORF1ab	.	FRAME_SHIFT	HIGH	S4470	protein_coding
NC_045512.2	13746	TAAG	TG	ORF1ab	.	FRAME_SHIFT	HIGH	K4495	protein_coding
NC_045512.2	13914	TA	T	ORF1ab	.	FRAME_SHIFT	HIGH	K4552	protein_coding
NC_045512.2	14270	AAG	A	ORF1ab	.	FRAME_SHIFT	HIGH	R4671	protein_coding
NC_045512.2	14408	C	T	ORF1ab	.	NON_SYNONYMOUS_CODING	MODERATE	P4715L	protein_coding
NC_045512.2	14429	TGA	T	ORF1ab	.	FRAME_SHIFT	HIGH	R4723	protein_coding
NC_045512.2	14827	ATG	A	ORF1ab	.	FRAME_SHIFT	HIGH	CD4856	protein_coding
NC_045512.2	15157	CA	C	ORF1ab	.	FRAME_SHIFT	HIGH	K4966	protein_coding
NC_045512.2	15198	T	C	ORF1ab	.	SYNONYMOUS_CODING	LOW	T4978	protein_coding
NC_045512.2	15240	C	T	ORF1ab	.	SYNONYMOUS_CODING	LOW	N4992	protein_coding
NC_045512.2	15451	G	A	ORF1ab	.	NON_SYNONYMOUS_CODING	MODERATE	G5063S	protein_coding
NC_045512.2	15878	GCT	G	ORF1ab	.	FRAME_SHIFT	HIGH	SQ5206	protein_coding
NC_045512.2	15917	ATG	A	ORF1ab	.	FRAME_SHIFT	HIGH	VY5219	protein_coding
NC_045512.2	15954	AGGG	AGG	ORF1ab	.	FRAME_SHIFT	HIGH	A5232	protein_coding
NC_045512.2	15981	CGTA	C	ORF1ab	.	CODON_DELETION	MODERATE	V5240	protein_coding
NC_045512.2	16064	AG	A	ORF1ab	.	FRAME_SHIFT	HIGH	E5268	protein_coding
NC_045512.2	16103	TAAG	T	ORF1ab	.	CODON_CHANGE_PLUS_CODON_DELETION	MODERATE	RK5281K	protein_coding
NC_045512.2	16466	C	T	ORF1ab	.	NON_SYNONYMOUS_CODING	MODERATE	P5401L	protein_coding
NC_045512.2	16501	GT	G	ORF1ab	.	FRAME_SHIFT	HIGH	F5414	protein_coding
NC_045512.2	16630	CTT	CT	ORF1ab	.	FRAME_SHIFT	HIGH	F5457	protein_coding
NC_045512.2	16630	CTT	C	ORF1ab	.	FRAME_SHIFT	HIGH	F5457	protein_coding
NC_045512.2	16792	CGT	C	ORF1ab	.	FRAME_SHIFT	HIGH	V5511	protein_coding
NC_045512.2	16821	AGGAG	AGGGAG	ORF1ab	.	FRAME_SHIFT	HIGH	G5520G?	protein_coding
NC_045512.2	16821	AGGAG	AGAG	ORF1ab	.	FRAME_SHIFT	HIGH	G5520	protein_coding
NC_045512.2	16833	CTT	CT	ORF1ab	.	FRAME_SHIFT	HIGH	F5524	protein_coding
NC_045512.2	17190	TGA	T	ORF1ab	.	FRAME_SHIFT	HIGH	EK5643	protein_coding
NC_045512.2	17259	G	T	ORF1ab	.	NON_SYNONYMOUS_CODING	MODERATE	E5665D	protein_coding
NC_045512.2	17462	GCA	G	ORF1ab	.	FRAME_SHIFT	HIGH	T5734	protein_coding
NC_045512.2	17724	AAG	A	ORF1ab	.	FRAME_SHIFT	HIGH	E5822	protein_coding
NC_045512.2	17939	CA	C	ORF1ab	.	FRAME_SHIFT	HIGH	K5893	protein_coding
NC_045512.2	18032	C	T	ORF1ab	.	NON_SYNONYMOUS_CODING	MODERATE	T5923I	protein_coding
NC_045512.2	18163	A	G	ORF1ab	.	NON_SYNONYMOUS_CODING	MODERATE	I5967V	protein_coding
NC_045512.2	18314	AGGG	AG	ORF1ab	.	FRAME_SHIFT	HIGH	G6018	protein_coding
NC_045512.2	18676	CGT	C	ORF1ab	.	FRAME_SHIFT	HIGH	RA6138	protein_coding
NC_045512.2	19055	AGT	A	ORF1ab	.	FRAME_SHIFT	HIGH	V6266	protein_coding
NC_045512.2	19151	CCA	C	ORF1ab	.	FRAME_SHIFT	HIGH	H6298	protein_coding
NC_045512.2	19220	C	T	ORF1ab	.	NON_SYNONYMOUS_CODING	MODERATE	A6319V	protein_coding
NC_045512.2	19317	CCA	C	ORF1ab	.	FRAME_SHIFT	HIGH	TP6353	protein_coding
NC_045512.2	20124	TG	T	ORF1ab	.	FRAME_SHIFT	HIGH	G6621	protein_coding
NC_045512.2	20133	CGTAA	CA	ORF1ab	.	CODON_DELETION	MODERATE	V6624	protein_coding
NC_045512.2	20486	AGTGT	AGT	ORF1ab	.	FRAME_SHIFT	HIGH	C6744	protein_coding
NC_045512.2	21056	AC	A	ORF1ab	.	FRAME_SHIFT	HIGH	P6932	protein_coding
NC_045512.2	21100	GGTT	GT	ORF1ab	.	FRAME_SHIFT	HIGH	G6946	protein_coding
NC_045512.2	21101	GTTT	GTT	ORF1ab	.	FRAME_SHIFT	HIGH	F6948	protein_coding
NC_045512.2	21443	TA	T	ORF1ab	.	FRAME_SHIFT	HIGH	K7061	protein_coding
NC_045512.2	21618	C	G	S	.	NON_SYNONYMOUS_CODING	MODERATE	T19R	protein_coding
NC_045512.2	21634	ACCCC	ACCC	S	.	FRAME_SHIFT	HIGH	P26	protein_coding
NC_045512.2	21731	CCTTT	C	S	.	FRAME_SHIFT	HIGH	FF58	protein_coding
NC_045512.2	21762	C	T	S	.	NON_SYNONYMOUS_CODING	MODERATE	A67V	protein_coding
NC_045512.2	21764	ATACATG	A	S	.	CODON_CHANGE_PLUS_CODON_DELETION	MODERATE	IHV68I	protein_coding
NC_045512.2	21770	G	A	S	.	NON_SYNONYMOUS_CODING	MODERATE	V70I	protein_coding
NC_045512.2	21846	C	T	S	.	NON_SYNONYMOUS_CODING	MODERATE	T95I	protein_coding
NC_045512.2	21875	AT	A	S	.	FRAME_SHIFT	HIGH	F106	protein_coding
NC_045512.2	21986	GGTGTTTATT	G	S	.	CODON_CHANGE_PLUS_CODON_DELETION	MODERATE	GVYY142D	protein_coding
NC_045512.2	21987	G	A	S	.	NON_SYNONYMOUS_CODING	MODERATE	G142D	protein_coding
NC_045512.2	22009	CA	C	S	.	FRAME_SHIFT	HIGH	S151	protein_coding
NC_045512.2	22028	GAGTTCA	G	S	.	CODON_CHANGE_PLUS_CODON_DELETION	MODERATE	EFR156G	protein_coding
NC_045512.2	22034	A	G	S	.	NON_SYNONYMOUS_CODING	MODERATE	R158G	protein_coding
NC_045512.2	22193	AATT	ATGGTGCATT	S	.	CODON_CHANGE_PLUS_CODON_INSERTION	MODERATE	N211MVH	protein_coding
NC_045512.2	22204	T	TGAGCCAGAA	S	.	CODON_CHANGE_PLUS_CODON_INSERTION	MODERATE	D215EPED	protein_coding
NC_045512.2	22209	TC	T	S	.	FRAME_SHIFT	HIGH	P217	protein_coding
NC_045512.2	22218	GT	G	S	.	FRAME_SHIFT	HIGH	S221	protein_coding
NC_045512.2	22438	ACT	A	S	.	FRAME_SHIFT	HIGH	L293	protein_coding
NC_045512.2	22578	G	A	S	.	NON_SYNONYMOUS_CODING	MODERATE	G339D	protein_coding
NC_045512.2	22599	G	A	S	.	NON_SYNONYMOUS_CODING	MODERATE	R346K	protein_coding
NC_045512.2	22619	TGGAACAG	TGAACAG	S	.	FRAME_SHIFT	HIGH	W353	protein_coding
NC_045512.2	22625	AG	A	S	.	FRAME_SHIFT	HIGH	R355	protein_coding
NC_045512.2	22673	T	C	S	.	NON_SYNONYMOUS_CODING	MODERATE	S371P	protein_coding
NC_045512.2	22674	C	T	S	.	NON_SYNONYMOUS_CODING	MODERATE	S371F	protein_coding
NC_045512.2	22679	T	C	S	.	NON_SYNONYMOUS_CODING	MODERATE	S373P	protein_coding
NC_045512.2	22686	C	T	S	.	NON_SYNONYMOUS_CODING	MODERATE	S375F	protein_coding
NC_045512.2	22813	G	T	S	.	NON_SYNONYMOUS_CODING	MODERATE	K417N	protein_coding
NC_045512.2	22874	TC	T	S	.	FRAME_SHIFT	HIGH	S438	protein_coding
NC_045512.2	22882	T	G	S	.	NON_SYNONYMOUS_CODING	MODERATE	N440K	protein_coding
NC_045512.2	22898	G	A	S	.	NON_SYNONYMOUS_CODING	MODERATE	G446S	protein_coding
NC_045512.2	22917	T	G	S	.	NON_SYNONYMOUS_CODING	MODERATE	L452R	protein_coding
NC_045512.2	22954	TGA	T	S	.	FRAME_SHIFT	HIGH	D467	protein_coding
NC_045512.2	22992	G	A	S	.	NON_SYNONYMOUS_CODING	MODERATE	S477N	protein_coding
NC_045512.2	22995	C	A	S	.	NON_SYNONYMOUS_CODING	MODERATE	T478K	protein_coding
NC_045512.2	23013	A	C	S	.	NON_SYNONYMOUS_CODING	MODERATE	E484A	protein_coding
NC_045512.2	23040	A	G	S	.	NON_SYNONYMOUS_CODING	MODERATE	Q493R	protein_coding
NC_045512.2	23048	G	A	S	.	NON_SYNONYMOUS_CODING	MODERATE	G496S	protein_coding
NC_045512.2	23055	A	G	S	.	NON_SYNONYMOUS_CODING	MODERATE	Q498R	protein_coding
NC_045512.2	23063	A	T	S	.	NON_SYNONYMOUS_CODING	MODERATE	N501Y	protein_coding
NC_045512.2	23075	T	C	S	.	NON_SYNONYMOUS_CODING	MODERATE	Y505H	protein_coding
NC_045512.2	23103	CT	C	S	.	FRAME_SHIFT	HIGH	F515	protein_coding
NC_045512.2	23143	TAA	TA	S	.	FRAME_SHIFT	HIGH	K529	protein_coding
NC_045512.2	23143	TAA	T	S	.	FRAME_SHIFT	HIGH	K529	protein_coding
NC_045512.2	23202	C	A	S	.	NON_SYNONYMOUS_CODING	MODERATE	T547K	protein_coding
NC_045512.2	23230	CAA	CA	S	.	FRAME_SHIFT	HIGH	K558	protein_coding
NC_045512.2	23403	A	G	S	.	NON_SYNONYMOUS_CODING	MODERATE	D614G	protein_coding
NC_045512.2	23421	TC	T	S	.	FRAME_SHIFT	HIGH	P621	protein_coding
NC_045512.2	23525	C	T	S	.	NON_SYNONYMOUS_CODING	MODERATE	H655Y	protein_coding
NC_045512.2	23599	T	G	S	.	NON_SYNONYMOUS_CODING	MODERATE	N679K	protein_coding
NC_045512.2	23604	C	A	S	.	NON_SYNONYMOUS_CODING	MODERATE	P681H	protein_coding
NC_045512.2	23604	C	G	S	.	NON_SYNONYMOUS_CODING	MODERATE	P681R	protein_coding
NC_045512.2	23854	C	A	S	.	NON_SYNONYMOUS_CODING	MODERATE	N764K	protein_coding
NC_045512.2	23948	G	T	S	.	NON_SYNONYMOUS_CODING	MODERATE	D796Y	protein_coding
NC_045512.2	23964	AT	A	S	.	FRAME_SHIFT	HIGH	S803	protein_coding
NC_045512.2	24119	CA	C	S	.	FRAME_SHIFT	HIGH	K854	protein_coding
NC_045512.2	24130	C	A	S	.	NON_SYNONYMOUS_CODING	MODERATE	N856K	protein_coding
NC_045512.2	24277	GT	GAT	S	.	FRAME_SHIFT	HIGH	F906I?	protein_coding
NC_045512.2	24410	G	A	S	.	NON_SYNONYMOUS_CODING	MODERATE	D950N	protein_coding
NC_045512.2	24424	A	T	S	.	NON_SYNONYMOUS_CODING	MODERATE	Q954H	protein_coding
NC_045512.2	24464	TC	T	S	.	FRAME_SHIFT	HIGH	S968	protein_coding
NC_045512.2	24469	T	A	S	.	NON_SYNONYMOUS_CODING	MODERATE	N969K	protein_coding
NC_045512.2	24503	C	T	S	.	NON_SYNONYMOUS_CODING	MODERATE	L981F	protein_coding
NC_045512.2	24672	CAA	CA	S	.	FRAME_SHIFT	HIGH	R1039	protein_coding
NC_045512.2	24717	TC	T	S	.	FRAME_SHIFT	HIGH	P1053	protein_coding
NC_045512.2	24743	GTCT	G	S	.	CODON_CHANGE_PLUS_CODON_DELETION	MODERATE	FL1062L	protein_coding
NC_045512.2	24746	TTC	T	S	.	FRAME_SHIFT	HIGH	FL1062	protein_coding
NC_045512.2	25000	C	T	S	.	SYNONYMOUS_CODING	LOW	D1146	protein_coding
NC_045512.2	25100	CAAA	CA	S	.	FRAME_SHIFT	HIGH	K1181	protein_coding
NC_045512.2	25100	CAAA	CAA	S	.	FRAME_SHIFT	HIGH	K1181	protein_coding
NC_045512.2	25469	C	T	ORF3a	.	NON_SYNONYMOUS_CODING	MODERATE	S26L	protein_coding
NC_045512.2	25555	GT	G	ORF3a	.	FRAME_SHIFT	HIGH	F56	protein_coding
NC_045512.2	25584	C	T	ORF3a	.	SYNONYMOUS_CODING	LOW	T64	protein_coding
NC_045512.2	25587	CAA	C	ORF3a	.	FRAME_SHIFT	HIGH	K67	protein_coding
NC_045512.2	25666	TCA	T	ORF3a	.	FRAME_SHIFT	HIGH	H93	protein_coding
NC_045512.2	25699	GCC	G	ORF3a	.	FRAME_SHIFT	HIGH	P104	protein_coding
NC_045512.2	25730	ACTT	A	ORF3a	.	CODON_CHANGE_PLUS_CODON_DELETION	MODERATE	FL114L	protein_coding
NC_045512.2	25797	CAA	CA	ORF3a	.	FRAME_SHIFT	HIGH	N137	protein_coding
NC_045512.2	25963	GAA	GA	ORF3a	.	FRAME_SHIFT	HIGH	K192	protein_coding
NC_045512.2	25977	TG	T	ORF3a	.	FRAME_SHIFT	HIGH	G196	protein_coding
NC_045512.2	26013	C	T	ORF3a	.	SYNONYMOUS_CODING	LOW	F207	protein_coding
NC_045512.2	26054	C	A	ORF3a	.	NON_SYNONYMOUS_CODING	MODERATE	T221K	protein_coding
NC_045512.2	26242	CTT	C	.	.	INTERGENIC	MODIFIER	.	.
NC_045512.2	26270	C	T	E	.	NON_SYNONYMOUS_CODING	MODERATE	T9I	protein_coding
NC_045512.2	26408	CTT	CT	E	.	FRAME_SHIFT	HIGH	Y57	protein_coding
NC_045512.2	26530	A	G	M	.	NON_SYNONYMOUS_CODING	MODERATE	D3G	protein_coding
NC_045512.2	26532	TC	T	M	.	FRAME_SHIFT	HIGH	S4	protein_coding
NC_045512.2	26561	TAAA	TAA	M	.	FRAME_SHIFT	HIGH	K15	protein_coding
NC_045512.2	26577	C	G	M	.	NON_SYNONYMOUS_CODING	MODERATE	Q19E	protein_coding
NC_045512.2	26654	GTT	G	M	.	FRAME_SHIFT	HIGH	L46	protein_coding
NC_045512.2	26709	G	A	M	.	NON_SYNONYMOUS_CODING	MODERATE	A63T	protein_coding
NC_045512.2	26713	GT	G	M	.	FRAME_SHIFT	HIGH	F65	protein_coding
NC_045512.2	26767	T	C	M	.	NON_SYNONYMOUS_CODING	MODERATE	I82T	protein_coding
NC_045512.2	27047	GCTTT	G	M	.	FRAME_SHIFT	HIGH	SY177	protein_coding
NC_045512.2	27259	A	C	ORF6	.	SYNONYMOUS_CODING	LOW	R20	protein_coding
NC_045512.2	27485	TA	T	ORF7a	.	FRAME_SHIFT	HIGH	K32	protein_coding
NC_045512.2	27515	AG	A	ORF7a	.	FRAME_SHIFT	HIGH	G42	protein_coding
NC_045512.2	27638	T	C	ORF7a	.	NON_SYNONYMOUS_CODING	MODERATE	V82A	protein_coding
NC_045512.2	27685	TCTC	T	ORF7a	.	CODON_CHANGE_PLUS_CODON_DELETION	MODERATE	SP98S	protein_coding
NC_045512.2	27691	ATT	AT	ORF7a	.	FRAME_SHIFT	HIGH	F101	protein_coding
NC_045512.2	27739	C	T	ORF7a	.	NON_SYNONYMOUS_CODING	MODERATE	L116F	protein_coding
NC_045512.2	27741	CAAAA	CAAA	ORF7a	.	FRAME_SHIFT	HIGH	R118	protein_coding
NC_045512.2	27742	AAAAG	A	ORF7a	.	FRAME_SHIFT	HIGH	KT119	protein_coding
NC_045512.2	27752	C	T	ORF7a	.	NON_SYNONYMOUS_CODING	MODERATE	T120I	protein_coding
NC_045512.2	27791	CTT	CT	ORF7b	.	FRAME_SHIFT	HIGH	L14	protein_coding
NC_045512.2	27807	C	T	ORF7b	.	SYNONYMOUS_CODING	LOW	L18	protein_coding
NC_045512.2	27874	C	T	ORF7b	.	NON_SYNONYMOUS_CODING	MODERATE	T40I	protein_coding
NC_045512.2	27914	AG	A	ORF8	.	FRAME_SHIFT	HIGH	G8	protein_coding
NC_045512.2	28214	CTT	CT	ORF8	.	FRAME_SHIFT	HIGH	L109	protein_coding
NC_045512.2	28247	AGATTTC	A	ORF8	.	CODON_DELETION	MODERATE	DF119	protein_coding
NC_045512.2	28253	C	A	ORF8	.	NON_SYNONYMOUS_CODING	MODERATE	F120L	protein_coding
NC_045512.2	28270	TA	T	.	.	INTERGENIC	MODIFIER	.	.
NC_045512.2	28271	A	T	.	.	INTERGENIC	MODIFIER	.	.
NC_045512.2	28311	C	T	N	.	NON_SYNONYMOUS_CODING	MODERATE	P13L	protein_coding
NC_045512.2	28313	C	T	N	.	NON_SYNONYMOUS_CODING	MODERATE	R14C	protein_coding
NC_045512.2	28361	GGAGAACGCA	G	N	.	CODON_CHANGE_PLUS_CODON_DELETION	MODERATE	GERS30G	protein_coding
NC_045512.2	28367	C	T	N	.	NON_SYNONYMOUS_CODING	MODERATE	R32C	protein_coding
NC_045512.2	28411	CAAT	C	N	.	CODON_CHANGE_PLUS_CODON_DELETION	MODERATE	NT48T	protein_coding
NC_045512.2	28461	A	G	N	.	NON_SYNONYMOUS_CODING	MODERATE	D63G	protein_coding
NC_045512.2	28680	AG	A	N	.	FRAME_SHIFT	HIGH	G137	protein_coding
NC_045512.2	28817	GCCT	GCT	N	.	FRAME_SHIFT	HIGH	A182	protein_coding
NC_045512.2	28881	G	A	N	.	NON_SYNONYMOUS_CODING	MODERATE	R203K	protein_coding
NC_045512.2	28881	G	T	N	.	NON_SYNONYMOUS_CODING	MODERATE	R203M	protein_coding
NC_045512.2	28882	G	A	N	.	SYNONYMOUS_CODING	LOW	R203	protein_coding
NC_045512.2	28883	G	C	N	.	NON_SYNONYMOUS_CODING	MODERATE	G204R	protein_coding
NC_045512.2	28916	G	T	N	.	NON_SYNONYMOUS_CODING	MODERATE	G215C	protein_coding
NC_045512.2	28961	CTTGA	C	N	.	FRAME_SHIFT	HIGH	LE230	protein_coding
NC_045512.2	29021	TCTG	T	N	.	CODON_CHANGE_PLUS_CODON_DELETION	MODERATE	AE252E	protein_coding
NC_045512.2	29044	GC	G	N	.	FRAME_SHIFT	HIGH	P258	protein_coding
NC_045512.2	29051	CAA	CA	N	.	FRAME_SHIFT	HIGH	K261	protein_coding
NC_045512.2	29092	TTTC	T	N	.	CODON_DELETION	MODERATE	F274	protein_coding
NC_045512.2	29195	GC	G	N	.	FRAME_SHIFT	HIGH	P309	protein_coding
NC_045512.2	29377	TAA	TA	N	.	FRAME_SHIFT	HIGH	K370	protein_coding
NC_045512.2	29386	CAA	CA	N	.	FRAME_SHIFT	HIGH	K373	protein_coding
NC_045512.2	29402	G	T	N	.	NON_SYNONYMOUS_CODING	MODERATE	D377Y	protein_coding
NC_045512.2	29742	G	T	.	.	INTERGENIC	MODIFIER	.	.
